{
  "orthogonality": {
    "G1-G2": 1.6685509763192385e-05,
    "G1-G3": 4.7179497641991475e-07,
    "G1-G4": 1.6220838006120175e-09,
    "G2-G3": 1.6472943897838377e-08,
    "G2-G4": 2.536148144827166e-07,
    "G3-G4": 6.413969458662905e-06
  },
  "num_samples": 8
}